timestamp,cpu_fastapp-fcf794d84-2tkz4,memory_mb_fastapp-fcf794d84-2tkz4,network_receive_bytes_fastapp-fcf794d84-2tkz4,network_transmit_bytes_fastapp-fcf794d84-2tkz4,cpu_fastapp-fcf794d84-599kg,memory_mb_fastapp-fcf794d84-599kg,network_receive_bytes_fastapp-fcf794d84-599kg,network_transmit_bytes_fastapp-fcf794d84-599kg,cpu_fastapp-fcf794d84-b9zkq,memory_mb_fastapp-fcf794d84-b9zkq,network_receive_bytes_fastapp-fcf794d84-b9zkq,network_transmit_bytes_fastapp-fcf794d84-b9zkq,cpu_exp-1765146862216-rep-0-fastapp-docs-initializer-dcmc4,memory_mb_exp-1765146862216-rep-0-fastapp-docs-initializer-dcmc4,network_receive_bytes_exp-1765146862216-rep-0-fastapp-docs-initializer-dcmc4,network_transmit_bytes_exp-1765146862216-rep-0-fastapp-docs-initializer-dcmc4,cpu_exp-1765146862216-rep-0-fastapp-root-initializer-ljrnx,memory_mb_exp-1765146862216-rep-0-fastapp-root-initializer-ljrnx,network_receive_bytes_exp-1765146862216-rep-0-fastapp-root-initializer-ljrnx,network_transmit_bytes_exp-1765146862216-rep-0-fastapp-root-initializer-ljrnx,cpu_exp-1765146862216-rep-0-fastapp-root-1-fd7ms,memory_mb_exp-1765146862216-rep-0-fastapp-root-1-fd7ms,network_receive_bytes_exp-1765146862216-rep-0-fastapp-root-1-fd7ms,network_transmit_bytes_exp-1765146862216-rep-0-fastapp-root-1-fd7ms,cpu_exp-1765146862216-rep-0-fastapp-root-starter-k2fbc,memory_mb_exp-1765146862216-rep-0-fastapp-root-starter-k2fbc,network_receive_bytes_exp-1765146862216-rep-0-fastapp-root-starter-k2fbc,network_transmit_bytes_exp-1765146862216-rep-0-fastapp-root-starter-k2fbc,cpu_exp-1765146862216-rep-0-fastapp-docs-1-r4fxh,memory_mb_exp-1765146862216-rep-0-fastapp-docs-1-r4fxh,network_receive_bytes_exp-1765146862216-rep-0-fastapp-docs-1-r4fxh,network_transmit_bytes_exp-1765146862216-rep-0-fastapp-docs-1-r4fxh,cpu_exp-1765146862216-rep-0-fastapp-docs-starter-f6mnt,memory_mb_exp-1765146862216-rep-0-fastapp-docs-starter-f6mnt,network_receive_bytes_exp-1765146862216-rep-0-fastapp-docs-starter-f6mnt,network_transmit_bytes_exp-1765146862216-rep-0-fastapp-docs-starter-f6mnt,cpu_exp-1765146922399-rep-1-fastapp-docs-initializer-p2hwb,memory_mb_exp-1765146922399-rep-1-fastapp-docs-initializer-p2hwb,network_receive_bytes_exp-1765146922399-rep-1-fastapp-docs-initializer-p2hwb,network_transmit_bytes_exp-1765146922399-rep-1-fastapp-docs-initializer-p2hwb,cpu_exp-1765146922399-rep-1-fastapp-docs-1-pcsq9,memory_mb_exp-1765146922399-rep-1-fastapp-docs-1-pcsq9,network_receive_bytes_exp-1765146922399-rep-1-fastapp-docs-1-pcsq9,network_transmit_bytes_exp-1765146922399-rep-1-fastapp-docs-1-pcsq9,cpu_exp-1765146922399-rep-1-fastapp-root-initializer-9lqcf,memory_mb_exp-1765146922399-rep-1-fastapp-root-initializer-9lqcf,network_receive_bytes_exp-1765146922399-rep-1-fastapp-root-initializer-9lqcf,network_transmit_bytes_exp-1765146922399-rep-1-fastapp-root-initializer-9lqcf,cpu_exp-1765146922399-rep-1-fastapp-root-starter-cqz6c,memory_mb_exp-1765146922399-rep-1-fastapp-root-starter-cqz6c,network_receive_bytes_exp-1765146922399-rep-1-fastapp-root-starter-cqz6c,network_transmit_bytes_exp-1765146922399-rep-1-fastapp-root-starter-cqz6c,cpu_exp-1765146922399-rep-1-fastapp-docs-starter-hxtjz,memory_mb_exp-1765146922399-rep-1-fastapp-docs-starter-hxtjz,network_receive_bytes_exp-1765146922399-rep-1-fastapp-docs-starter-hxtjz,network_transmit_bytes_exp-1765146922399-rep-1-fastapp-docs-starter-hxtjz,cpu_exp-1765146922399-rep-1-fastapp-root-1-t7kwb,memory_mb_exp-1765146922399-rep-1-fastapp-root-1-t7kwb,network_receive_bytes_exp-1765146922399-rep-1-fastapp-root-1-t7kwb,network_transmit_bytes_exp-1765146922399-rep-1-fastapp-root-1-t7kwb,cpu_exp-1765148074584-rep-0-fastapp-docs-initializer-m69nx,memory_mb_exp-1765148074584-rep-0-fastapp-docs-initializer-m69nx,network_receive_bytes_exp-1765148074584-rep-0-fastapp-docs-initializer-m69nx,network_transmit_bytes_exp-1765148074584-rep-0-fastapp-docs-initializer-m69nx,cpu_exp-1765148074584-rep-0-fastapp-root-initializer-g28qk,memory_mb_exp-1765148074584-rep-0-fastapp-root-initializer-g28qk,network_receive_bytes_exp-1765148074584-rep-0-fastapp-root-initializer-g28qk,network_transmit_bytes_exp-1765148074584-rep-0-fastapp-root-initializer-g28qk,cpu_exp-1765148074584-rep-0-fastapp-root-starter-b5twq,memory_mb_exp-1765148074584-rep-0-fastapp-root-starter-b5twq,network_receive_bytes_exp-1765148074584-rep-0-fastapp-root-starter-b5twq,network_transmit_bytes_exp-1765148074584-rep-0-fastapp-root-starter-b5twq,cpu_exp-1765148074584-rep-0-fastapp-docs-starter-bsqmj,memory_mb_exp-1765148074584-rep-0-fastapp-docs-starter-bsqmj,network_receive_bytes_exp-1765148074584-rep-0-fastapp-docs-starter-bsqmj,network_transmit_bytes_exp-1765148074584-rep-0-fastapp-docs-starter-bsqmj,cpu_exp-1765148074584-rep-0-fastapp-root-1-drnh5,memory_mb_exp-1765148074584-rep-0-fastapp-root-1-drnh5,network_receive_bytes_exp-1765148074584-rep-0-fastapp-root-1-drnh5,network_transmit_bytes_exp-1765148074584-rep-0-fastapp-root-1-drnh5,cpu_exp-1765148074584-rep-0-fastapp-docs-1-ddrz8,memory_mb_exp-1765148074584-rep-0-fastapp-docs-1-ddrz8,network_receive_bytes_exp-1765148074584-rep-0-fastapp-docs-1-ddrz8,network_transmit_bytes_exp-1765148074584-rep-0-fastapp-docs-1-ddrz8,cpu_exp-1765148134880-rep-1-fastapp-root-initializer-2w5vz,memory_mb_exp-1765148134880-rep-1-fastapp-root-initializer-2w5vz,network_receive_bytes_exp-1765148134880-rep-1-fastapp-root-initializer-2w5vz,network_transmit_bytes_exp-1765148134880-rep-1-fastapp-root-initializer-2w5vz,cpu_exp-1765148134880-rep-1-fastapp-docs-initializer-mnmh4,memory_mb_exp-1765148134880-rep-1-fastapp-docs-initializer-mnmh4,network_receive_bytes_exp-1765148134880-rep-1-fastapp-docs-initializer-mnmh4,network_transmit_bytes_exp-1765148134880-rep-1-fastapp-docs-initializer-mnmh4,cpu_exp-1765148134880-rep-1-fastapp-root-1-kjv2q,memory_mb_exp-1765148134880-rep-1-fastapp-root-1-kjv2q,network_receive_bytes_exp-1765148134880-rep-1-fastapp-root-1-kjv2q,network_transmit_bytes_exp-1765148134880-rep-1-fastapp-root-1-kjv2q,cpu_exp-1765148134880-rep-1-fastapp-docs-1-khmq5,memory_mb_exp-1765148134880-rep-1-fastapp-docs-1-khmq5,network_receive_bytes_exp-1765148134880-rep-1-fastapp-docs-1-khmq5,network_transmit_bytes_exp-1765148134880-rep-1-fastapp-docs-1-khmq5,cpu_exp-1765148134880-rep-1-fastapp-root-starter-6fwm2,memory_mb_exp-1765148134880-rep-1-fastapp-root-starter-6fwm2,network_receive_bytes_exp-1765148134880-rep-1-fastapp-root-starter-6fwm2,network_transmit_bytes_exp-1765148134880-rep-1-fastapp-root-starter-6fwm2,cpu_exp-1765148134880-rep-1-fastapp-docs-starter-xc8vs,memory_mb_exp-1765148134880-rep-1-fastapp-docs-starter-xc8vs,network_receive_bytes_exp-1765148134880-rep-1-fastapp-docs-starter-xc8vs,network_transmit_bytes_exp-1765148134880-rep-1-fastapp-docs-starter-xc8vs,cpu_exp-1765148877717-rep-0-fastapp-root-1-rr4db,memory_mb_exp-1765148877717-rep-0-fastapp-root-1-rr4db,network_receive_bytes_exp-1765148877717-rep-0-fastapp-root-1-rr4db,network_transmit_bytes_exp-1765148877717-rep-0-fastapp-root-1-rr4db,cpu_exp-1765148877717-rep-0-fastapp-root-initializer-htkh7,memory_mb_exp-1765148877717-rep-0-fastapp-root-initializer-htkh7,network_receive_bytes_exp-1765148877717-rep-0-fastapp-root-initializer-htkh7,network_transmit_bytes_exp-1765148877717-rep-0-fastapp-root-initializer-htkh7,cpu_exp-1765148877717-rep-0-fastapp-root-starter-crk8m,memory_mb_exp-1765148877717-rep-0-fastapp-root-starter-crk8m,network_receive_bytes_exp-1765148877717-rep-0-fastapp-root-starter-crk8m,network_transmit_bytes_exp-1765148877717-rep-0-fastapp-root-starter-crk8m,cpu_exp-1765148877717-rep-0-fastapp-docs-1-sd4tx,memory_mb_exp-1765148877717-rep-0-fastapp-docs-1-sd4tx,network_receive_bytes_exp-1765148877717-rep-0-fastapp-docs-1-sd4tx,network_transmit_bytes_exp-1765148877717-rep-0-fastapp-docs-1-sd4tx,cpu_exp-1765148877717-rep-0-fastapp-docs-initializer-swpv7,memory_mb_exp-1765148877717-rep-0-fastapp-docs-initializer-swpv7,network_receive_bytes_exp-1765148877717-rep-0-fastapp-docs-initializer-swpv7,network_transmit_bytes_exp-1765148877717-rep-0-fastapp-docs-initializer-swpv7,cpu_exp-1765148877717-rep-0-fastapp-docs-starter-lm42k,memory_mb_exp-1765148877717-rep-0-fastapp-docs-starter-lm42k,network_receive_bytes_exp-1765148877717-rep-0-fastapp-docs-starter-lm42k,network_transmit_bytes_exp-1765148877717-rep-0-fastapp-docs-starter-lm42k,cpu_exp-1765148938114-rep-1-fastapp-root-starter-hcmx6,memory_mb_exp-1765148938114-rep-1-fastapp-root-starter-hcmx6,network_receive_bytes_exp-1765148938114-rep-1-fastapp-root-starter-hcmx6,network_transmit_bytes_exp-1765148938114-rep-1-fastapp-root-starter-hcmx6,cpu_exp-1765148938114-rep-1-fastapp-docs-initializer-zzb8h,memory_mb_exp-1765148938114-rep-1-fastapp-docs-initializer-zzb8h,network_receive_bytes_exp-1765148938114-rep-1-fastapp-docs-initializer-zzb8h,network_transmit_bytes_exp-1765148938114-rep-1-fastapp-docs-initializer-zzb8h,cpu_exp-1765148938114-rep-1-fastapp-docs-starter-fst9r,memory_mb_exp-1765148938114-rep-1-fastapp-docs-starter-fst9r,network_receive_bytes_exp-1765148938114-rep-1-fastapp-docs-starter-fst9r,network_transmit_bytes_exp-1765148938114-rep-1-fastapp-docs-starter-fst9r,cpu_exp-1765148938114-rep-1-fastapp-root-1-gd894,memory_mb_exp-1765148938114-rep-1-fastapp-root-1-gd894,network_receive_bytes_exp-1765148938114-rep-1-fastapp-root-1-gd894,network_transmit_bytes_exp-1765148938114-rep-1-fastapp-root-1-gd894,cpu_exp-1765148938114-rep-1-fastapp-docs-1-4czt8,memory_mb_exp-1765148938114-rep-1-fastapp-docs-1-4czt8,network_receive_bytes_exp-1765148938114-rep-1-fastapp-docs-1-4czt8,network_transmit_bytes_exp-1765148938114-rep-1-fastapp-docs-1-4czt8,cpu_exp-1765148938114-rep-1-fastapp-root-initializer-xbwbk,memory_mb_exp-1765148938114-rep-1-fastapp-root-initializer-xbwbk,network_receive_bytes_exp-1765148938114-rep-1-fastapp-root-initializer-xbwbk,network_transmit_bytes_exp-1765148938114-rep-1-fastapp-root-initializer-xbwbk,cpu_exp-1765149346286-rep-0-fastapp-root-initializer-wbf55,memory_mb_exp-1765149346286-rep-0-fastapp-root-initializer-wbf55,network_receive_bytes_exp-1765149346286-rep-0-fastapp-root-initializer-wbf55,network_transmit_bytes_exp-1765149346286-rep-0-fastapp-root-initializer-wbf55,cpu_exp-1765149346286-rep-0-fastapp-root-1-q5dxc,memory_mb_exp-1765149346286-rep-0-fastapp-root-1-q5dxc,network_receive_bytes_exp-1765149346286-rep-0-fastapp-root-1-q5dxc,network_transmit_bytes_exp-1765149346286-rep-0-fastapp-root-1-q5dxc,cpu_exp-1765149346286-rep-0-fastapp-root-starter-q9db6,memory_mb_exp-1765149346286-rep-0-fastapp-root-starter-q9db6,network_receive_bytes_exp-1765149346286-rep-0-fastapp-root-starter-q9db6,network_transmit_bytes_exp-1765149346286-rep-0-fastapp-root-starter-q9db6,cpu_exp-1765149346286-rep-0-fastapp-docs-1-z4pv6,memory_mb_exp-1765149346286-rep-0-fastapp-docs-1-z4pv6,network_receive_bytes_exp-1765149346286-rep-0-fastapp-docs-1-z4pv6,network_transmit_bytes_exp-1765149346286-rep-0-fastapp-docs-1-z4pv6,cpu_exp-1765149346286-rep-0-fastapp-docs-initializer-cxpr8,memory_mb_exp-1765149346286-rep-0-fastapp-docs-initializer-cxpr8,network_receive_bytes_exp-1765149346286-rep-0-fastapp-docs-initializer-cxpr8,network_transmit_bytes_exp-1765149346286-rep-0-fastapp-docs-initializer-cxpr8,cpu_exp-1765149346286-rep-0-fastapp-docs-starter-b7jcl,memory_mb_exp-1765149346286-rep-0-fastapp-docs-starter-b7jcl,network_receive_bytes_exp-1765149346286-rep-0-fastapp-docs-starter-b7jcl,network_transmit_bytes_exp-1765149346286-rep-0-fastapp-docs-starter-b7jcl,cpu_exp-1765151211773-rep-1-fastapp-root-starter-w2m8f,memory_mb_exp-1765151211773-rep-1-fastapp-root-starter-w2m8f,network_receive_bytes_exp-1765151211773-rep-1-fastapp-root-starter-w2m8f,network_transmit_bytes_exp-1765151211773-rep-1-fastapp-root-starter-w2m8f,cpu_exp-1765151211773-rep-1-fastapp-root-1-vh5hq,memory_mb_exp-1765151211773-rep-1-fastapp-root-1-vh5hq,network_receive_bytes_exp-1765151211773-rep-1-fastapp-root-1-vh5hq,network_transmit_bytes_exp-1765151211773-rep-1-fastapp-root-1-vh5hq,cpu_exp-1765151211773-rep-1-fastapp-root-initializer-8znl8,memory_mb_exp-1765151211773-rep-1-fastapp-root-initializer-8znl8,network_receive_bytes_exp-1765151211773-rep-1-fastapp-root-initializer-8znl8,network_transmit_bytes_exp-1765151211773-rep-1-fastapp-root-initializer-8znl8,cpu_exp-1765152610099-rep-0-fastapp-time-starter-9cdqq,memory_mb_exp-1765152610099-rep-0-fastapp-time-starter-9cdqq,network_receive_bytes_exp-1765152610099-rep-0-fastapp-time-starter-9cdqq,network_transmit_bytes_exp-1765152610099-rep-0-fastapp-time-starter-9cdqq,cpu_exp-1765152610099-rep-0-fastapp-time-1-vqmr2,memory_mb_exp-1765152610099-rep-0-fastapp-time-1-vqmr2,network_receive_bytes_exp-1765152610099-rep-0-fastapp-time-1-vqmr2,network_transmit_bytes_exp-1765152610099-rep-0-fastapp-time-1-vqmr2,cpu_exp-1765152610099-rep-0-fastapp-root-initializer-h5hnf,memory_mb_exp-1765152610099-rep-0-fastapp-root-initializer-h5hnf,network_receive_bytes_exp-1765152610099-rep-0-fastapp-root-initializer-h5hnf,network_transmit_bytes_exp-1765152610099-rep-0-fastapp-root-initializer-h5hnf,cpu_exp-1765152610099-rep-0-fastapp-time-initializer-qgsv4,memory_mb_exp-1765152610099-rep-0-fastapp-time-initializer-qgsv4,network_receive_bytes_exp-1765152610099-rep-0-fastapp-time-initializer-qgsv4,network_transmit_bytes_exp-1765152610099-rep-0-fastapp-time-initializer-qgsv4,cpu_exp-1765152610099-rep-0-fastapp-root-1-pzmt8,memory_mb_exp-1765152610099-rep-0-fastapp-root-1-pzmt8,network_receive_bytes_exp-1765152610099-rep-0-fastapp-root-1-pzmt8,network_transmit_bytes_exp-1765152610099-rep-0-fastapp-root-1-pzmt8,cpu_exp-1765152610099-rep-0-fastapp-root-starter-nl9dx,memory_mb_exp-1765152610099-rep-0-fastapp-root-starter-nl9dx,network_receive_bytes_exp-1765152610099-rep-0-fastapp-root-starter-nl9dx,network_transmit_bytes_exp-1765152610099-rep-0-fastapp-root-starter-nl9dx,cpu_exp-1765167086994-rep-0-fastapp-root-1-jc4mv,memory_mb_exp-1765167086994-rep-0-fastapp-root-1-jc4mv,network_receive_bytes_exp-1765167086994-rep-0-fastapp-root-1-jc4mv,network_transmit_bytes_exp-1765167086994-rep-0-fastapp-root-1-jc4mv,cpu_exp-1765167086994-rep-0-fastapp-root-initializer-z27lz,memory_mb_exp-1765167086994-rep-0-fastapp-root-initializer-z27lz,network_receive_bytes_exp-1765167086994-rep-0-fastapp-root-initializer-z27lz,network_transmit_bytes_exp-1765167086994-rep-0-fastapp-root-initializer-z27lz,cpu_exp-1765167086994-rep-0-fastapp-root-starter-9q65q,memory_mb_exp-1765167086994-rep-0-fastapp-root-starter-9q65q,network_receive_bytes_exp-1765167086994-rep-0-fastapp-root-starter-9q65q,network_transmit_bytes_exp-1765167086994-rep-0-fastapp-root-starter-9q65q,cpu_exp-1765168143911-rep-0-fastapp-root-initializer-84vzj,memory_mb_exp-1765168143911-rep-0-fastapp-root-initializer-84vzj,network_receive_bytes_exp-1765168143911-rep-0-fastapp-root-initializer-84vzj,network_transmit_bytes_exp-1765168143911-rep-0-fastapp-root-initializer-84vzj,cpu_exp-1765168143911-rep-0-fastapp-root-1-xsrsl,memory_mb_exp-1765168143911-rep-0-fastapp-root-1-xsrsl,network_receive_bytes_exp-1765168143911-rep-0-fastapp-root-1-xsrsl,network_transmit_bytes_exp-1765168143911-rep-0-fastapp-root-1-xsrsl,cpu_exp-1765168143911-rep-0-fastapp-root-starter-bn2jb,memory_mb_exp-1765168143911-rep-0-fastapp-root-starter-bn2jb,network_receive_bytes_exp-1765168143911-rep-0-fastapp-root-starter-bn2jb,network_transmit_bytes_exp-1765168143911-rep-0-fastapp-root-starter-bn2jb,cpu_exp-1765168204269-rep-1-fastapp-root-initializer-p7r2f,memory_mb_exp-1765168204269-rep-1-fastapp-root-initializer-p7r2f,network_receive_bytes_exp-1765168204269-rep-1-fastapp-root-initializer-p7r2f,network_transmit_bytes_exp-1765168204269-rep-1-fastapp-root-initializer-p7r2f,cpu_exp-1765168204269-rep-1-fastapp-root-1-m7brj,memory_mb_exp-1765168204269-rep-1-fastapp-root-1-m7brj,network_receive_bytes_exp-1765168204269-rep-1-fastapp-root-1-m7brj,network_transmit_bytes_exp-1765168204269-rep-1-fastapp-root-1-m7brj,cpu_exp-1765168204269-rep-1-fastapp-root-starter-qjv6z,memory_mb_exp-1765168204269-rep-1-fastapp-root-starter-qjv6z,network_receive_bytes_exp-1765168204269-rep-1-fastapp-root-starter-qjv6z,network_transmit_bytes_exp-1765168204269-rep-1-fastapp-root-starter-qjv6z,cpu_exp-1765168264440-rep-2-fastapp-root-initializer-4dwfd,memory_mb_exp-1765168264440-rep-2-fastapp-root-initializer-4dwfd,network_receive_bytes_exp-1765168264440-rep-2-fastapp-root-initializer-4dwfd,network_transmit_bytes_exp-1765168264440-rep-2-fastapp-root-initializer-4dwfd,cpu_exp-1765168264440-rep-2-fastapp-root-starter-bdxqv,memory_mb_exp-1765168264440-rep-2-fastapp-root-starter-bdxqv,network_receive_bytes_exp-1765168264440-rep-2-fastapp-root-starter-bdxqv,network_transmit_bytes_exp-1765168264440-rep-2-fastapp-root-starter-bdxqv,cpu_exp-1765168264440-rep-2-fastapp-root-1-dljlh,memory_mb_exp-1765168264440-rep-2-fastapp-root-1-dljlh,network_receive_bytes_exp-1765168264440-rep-2-fastapp-root-1-dljlh,network_transmit_bytes_exp-1765168264440-rep-2-fastapp-root-1-dljlh,cpu_exp-1765168968322-rep-0-fastapp-time-1-4r5f8,memory_mb_exp-1765168968322-rep-0-fastapp-time-1-4r5f8,network_receive_bytes_exp-1765168968322-rep-0-fastapp-time-1-4r5f8,network_transmit_bytes_exp-1765168968322-rep-0-fastapp-time-1-4r5f8,cpu_exp-1765168968322-rep-0-fastapp-time-initializer-2qrqh,memory_mb_exp-1765168968322-rep-0-fastapp-time-initializer-2qrqh,network_receive_bytes_exp-1765168968322-rep-0-fastapp-time-initializer-2qrqh,network_transmit_bytes_exp-1765168968322-rep-0-fastapp-time-initializer-2qrqh,cpu_exp-1765168968322-rep-0-fastapp-time-starter-ctcwt,memory_mb_exp-1765168968322-rep-0-fastapp-time-starter-ctcwt,network_receive_bytes_exp-1765168968322-rep-0-fastapp-time-starter-ctcwt,network_transmit_bytes_exp-1765168968322-rep-0-fastapp-time-starter-ctcwt,cpu_exp-1765169028539-rep-1-fastapp-time-initializer-5cw89,memory_mb_exp-1765169028539-rep-1-fastapp-time-initializer-5cw89,network_receive_bytes_exp-1765169028539-rep-1-fastapp-time-initializer-5cw89,network_transmit_bytes_exp-1765169028539-rep-1-fastapp-time-initializer-5cw89,cpu_exp-1765169028539-rep-1-fastapp-time-1-f9vvz,memory_mb_exp-1765169028539-rep-1-fastapp-time-1-f9vvz,network_receive_bytes_exp-1765169028539-rep-1-fastapp-time-1-f9vvz,network_transmit_bytes_exp-1765169028539-rep-1-fastapp-time-1-f9vvz,cpu_exp-1765169028539-rep-1-fastapp-time-starter-lt6w5,memory_mb_exp-1765169028539-rep-1-fastapp-time-starter-lt6w5,network_receive_bytes_exp-1765169028539-rep-1-fastapp-time-starter-lt6w5,network_transmit_bytes_exp-1765169028539-rep-1-fastapp-time-starter-lt6w5,cpu_exp-1765170368424-rep-0-fastapp-time-1-zq282,memory_mb_exp-1765170368424-rep-0-fastapp-time-1-zq282,network_receive_bytes_exp-1765170368424-rep-0-fastapp-time-1-zq282,network_transmit_bytes_exp-1765170368424-rep-0-fastapp-time-1-zq282,cpu_exp-1765170368424-rep-0-fastapp-time-starter-sl78g,memory_mb_exp-1765170368424-rep-0-fastapp-time-starter-sl78g,network_receive_bytes_exp-1765170368424-rep-0-fastapp-time-starter-sl78g,network_transmit_bytes_exp-1765170368424-rep-0-fastapp-time-starter-sl78g,cpu_exp-1765170368424-rep-0-fastapp-time-initializer-pv6sq,memory_mb_exp-1765170368424-rep-0-fastapp-time-initializer-pv6sq,network_receive_bytes_exp-1765170368424-rep-0-fastapp-time-initializer-pv6sq,network_transmit_bytes_exp-1765170368424-rep-0-fastapp-time-initializer-pv6sq,cpu_exp-1765173958187-rep-0-fastapp-docs-initializer-8dqgl,memory_mb_exp-1765173958187-rep-0-fastapp-docs-initializer-8dqgl,network_receive_bytes_exp-1765173958187-rep-0-fastapp-docs-initializer-8dqgl,network_transmit_bytes_exp-1765173958187-rep-0-fastapp-docs-initializer-8dqgl,cpu_exp-1765173958187-rep-0-fastapp-time-1-5m8vg,memory_mb_exp-1765173958187-rep-0-fastapp-time-1-5m8vg,network_receive_bytes_exp-1765173958187-rep-0-fastapp-time-1-5m8vg,network_transmit_bytes_exp-1765173958187-rep-0-fastapp-time-1-5m8vg,cpu_exp-1765173958187-rep-0-fastapp-time-initializer-8pr2m,memory_mb_exp-1765173958187-rep-0-fastapp-time-initializer-8pr2m,network_receive_bytes_exp-1765173958187-rep-0-fastapp-time-initializer-8pr2m,network_transmit_bytes_exp-1765173958187-rep-0-fastapp-time-initializer-8pr2m,cpu_exp-1765173958187-rep-0-fastapp-docs-1-kc7lt,memory_mb_exp-1765173958187-rep-0-fastapp-docs-1-kc7lt,network_receive_bytes_exp-1765173958187-rep-0-fastapp-docs-1-kc7lt,network_transmit_bytes_exp-1765173958187-rep-0-fastapp-docs-1-kc7lt,cpu_exp-1765173958187-rep-0-fastapp-docs-starter-qmpjg,memory_mb_exp-1765173958187-rep-0-fastapp-docs-starter-qmpjg,network_receive_bytes_exp-1765173958187-rep-0-fastapp-docs-starter-qmpjg,network_transmit_bytes_exp-1765173958187-rep-0-fastapp-docs-starter-qmpjg,cpu_exp-1765173958187-rep-0-fastapp-time-starter-bfh8t,memory_mb_exp-1765173958187-rep-0-fastapp-time-starter-bfh8t,network_receive_bytes_exp-1765173958187-rep-0-fastapp-time-starter-bfh8t,network_transmit_bytes_exp-1765173958187-rep-0-fastapp-time-starter-bfh8t,cpu_exp-1765174018427-rep-1-fastapp-time-1-b4q8d,memory_mb_exp-1765174018427-rep-1-fastapp-time-1-b4q8d,network_receive_bytes_exp-1765174018427-rep-1-fastapp-time-1-b4q8d,network_transmit_bytes_exp-1765174018427-rep-1-fastapp-time-1-b4q8d,cpu_exp-1765174018427-rep-1-fastapp-docs-1-n8x2m,memory_mb_exp-1765174018427-rep-1-fastapp-docs-1-n8x2m,network_receive_bytes_exp-1765174018427-rep-1-fastapp-docs-1-n8x2m,network_transmit_bytes_exp-1765174018427-rep-1-fastapp-docs-1-n8x2m,cpu_exp-1765174018427-rep-1-fastapp-time-initializer-78s27,memory_mb_exp-1765174018427-rep-1-fastapp-time-initializer-78s27,network_receive_bytes_exp-1765174018427-rep-1-fastapp-time-initializer-78s27,network_transmit_bytes_exp-1765174018427-rep-1-fastapp-time-initializer-78s27,cpu_exp-1765174018427-rep-1-fastapp-docs-initializer-fmxlk,memory_mb_exp-1765174018427-rep-1-fastapp-docs-initializer-fmxlk,network_receive_bytes_exp-1765174018427-rep-1-fastapp-docs-initializer-fmxlk,network_transmit_bytes_exp-1765174018427-rep-1-fastapp-docs-initializer-fmxlk,cpu_exp-1765174018427-rep-1-fastapp-time-starter-586hf,memory_mb_exp-1765174018427-rep-1-fastapp-time-starter-586hf,network_receive_bytes_exp-1765174018427-rep-1-fastapp-time-starter-586hf,network_transmit_bytes_exp-1765174018427-rep-1-fastapp-time-starter-586hf,cpu_exp-1765174018427-rep-1-fastapp-docs-starter-lwml2,memory_mb_exp-1765174018427-rep-1-fastapp-docs-starter-lwml2,network_receive_bytes_exp-1765174018427-rep-1-fastapp-docs-starter-lwml2,network_transmit_bytes_exp-1765174018427-rep-1-fastapp-docs-starter-lwml2,cpu_exp-1765174980462-rep-0-fastapp-time-initializer-ntc2b,memory_mb_exp-1765174980462-rep-0-fastapp-time-initializer-ntc2b,network_receive_bytes_exp-1765174980462-rep-0-fastapp-time-initializer-ntc2b,network_transmit_bytes_exp-1765174980462-rep-0-fastapp-time-initializer-ntc2b,cpu_exp-1765174980462-rep-0-fastapp-docs-1-qwcfn,memory_mb_exp-1765174980462-rep-0-fastapp-docs-1-qwcfn,network_receive_bytes_exp-1765174980462-rep-0-fastapp-docs-1-qwcfn,network_transmit_bytes_exp-1765174980462-rep-0-fastapp-docs-1-qwcfn,cpu_exp-1765174980462-rep-0-fastapp-docs-initializer-mhkjp,memory_mb_exp-1765174980462-rep-0-fastapp-docs-initializer-mhkjp,network_receive_bytes_exp-1765174980462-rep-0-fastapp-docs-initializer-mhkjp,network_transmit_bytes_exp-1765174980462-rep-0-fastapp-docs-initializer-mhkjp,cpu_exp-1765174980462-rep-0-fastapp-time-1-9l7b4,memory_mb_exp-1765174980462-rep-0-fastapp-time-1-9l7b4,network_receive_bytes_exp-1765174980462-rep-0-fastapp-time-1-9l7b4,network_transmit_bytes_exp-1765174980462-rep-0-fastapp-time-1-9l7b4,cpu_exp-1765174980462-rep-0-fastapp-time-starter-rnh74,memory_mb_exp-1765174980462-rep-0-fastapp-time-starter-rnh74,network_receive_bytes_exp-1765174980462-rep-0-fastapp-time-starter-rnh74,network_transmit_bytes_exp-1765174980462-rep-0-fastapp-time-starter-rnh74,cpu_exp-1765174980462-rep-0-fastapp-docs-starter-fstc4,memory_mb_exp-1765174980462-rep-0-fastapp-docs-starter-fstc4,network_receive_bytes_exp-1765174980462-rep-0-fastapp-docs-starter-fstc4,network_transmit_bytes_exp-1765174980462-rep-0-fastapp-docs-starter-fstc4,cpu_exp-1765175340621-rep-1-fastapp-time-1-t98wl,memory_mb_exp-1765175340621-rep-1-fastapp-time-1-t98wl,network_receive_bytes_exp-1765175340621-rep-1-fastapp-time-1-t98wl,network_transmit_bytes_exp-1765175340621-rep-1-fastapp-time-1-t98wl,cpu_exp-1765175340621-rep-1-fastapp-docs-initializer-bk9hn,memory_mb_exp-1765175340621-rep-1-fastapp-docs-initializer-bk9hn,network_receive_bytes_exp-1765175340621-rep-1-fastapp-docs-initializer-bk9hn,network_transmit_bytes_exp-1765175340621-rep-1-fastapp-docs-initializer-bk9hn,cpu_exp-1765175340621-rep-1-fastapp-docs-1-qs7rj,memory_mb_exp-1765175340621-rep-1-fastapp-docs-1-qs7rj,network_receive_bytes_exp-1765175340621-rep-1-fastapp-docs-1-qs7rj,network_transmit_bytes_exp-1765175340621-rep-1-fastapp-docs-1-qs7rj,cpu_exp-1765175340621-rep-1-fastapp-time-initializer-nc6n8,memory_mb_exp-1765175340621-rep-1-fastapp-time-initializer-nc6n8,network_receive_bytes_exp-1765175340621-rep-1-fastapp-time-initializer-nc6n8,network_transmit_bytes_exp-1765175340621-rep-1-fastapp-time-initializer-nc6n8,cpu_exp-1765175340621-rep-1-fastapp-time-starter-bmdd4,memory_mb_exp-1765175340621-rep-1-fastapp-time-starter-bmdd4,network_receive_bytes_exp-1765175340621-rep-1-fastapp-time-starter-bmdd4,network_transmit_bytes_exp-1765175340621-rep-1-fastapp-time-starter-bmdd4,cpu_exp-1765175340621-rep-1-fastapp-docs-starter-4k7f5,memory_mb_exp-1765175340621-rep-1-fastapp-docs-starter-4k7f5,network_receive_bytes_exp-1765175340621-rep-1-fastapp-docs-starter-4k7f5,network_transmit_bytes_exp-1765175340621-rep-1-fastapp-docs-starter-4k7f5,http_requests_fastapp,latency_seconds_fastapp,http_status_200_fastapp,http_status_201_fastapp,http_status_400_fastapp,http_status_401_fastapp,http_status_403_fastapp,http_status_404_fastapp,http_status_500_fastapp,http_status_502_fastapp,http_status_503_fastapp,http_status_504_fastapp
2025-12-08T06:29:00.000Z,0.2152679691961703,40.58,59848.13693476999,315622.0868847759,0.193770924244763,41.44,53124.50328663341,283946.7530248136,0.22448945417312655,40.99,60856.15238173925,313866.84154901694,0,0.00,0,0,0,0.00,0,0,0,0.00,0,0,0,0.00,0,0,0,0.00,0,0,0,0.00,0,0,0,0.00,0,0,0,0.00,0,0,0,0.00,0,0,0,0.00,0,0,0,0.00,0,0,0,0.00,0,0,0,0.00,0,0,0,0.00,0,0,0,0.00,0,0,0,0.00,0,0,0,0.00,0,0,0,0.00,0,0,0,0.00,0,0,0,0.00,0,0,0,0.00,0,0,0,0.00,0,0,0,0.00,0,0,0,0.00,0,0,0,0.00,0,0,0,0.00,0,0,0,0.00,0,0,0,0.00,0,0,0,0.00,0,0,0,0.00,0,0,0,0.00,0,0,0,0.00,0,0,0,0.00,0,0,0,0.00,0,0,0,0.00,0,0,0,0.00,0,0,0,0.00,0,0,0,0.00,0,0,0,0.00,0,0,0,0.00,0,0,0,0.00,0,0,0,0.00,0,0,0,0.00,0,0,0,0.00,0,0,0,0.00,0,0,0,0.00,0,0,0,0.00,0,0,0,0.00,0,0,0,0.00,0,0,0,0.00,0,0,0,0.00,0,0,0,0.00,0,0,0,0.00,0,0,0,0.00,0,0,0,0.00,0,0,0,0.00,0,0,0,0.00,0,0,0,0.00,0,0,0,0.00,0,0,0,0.00,0,0,0,0.00,0,0,0,0.00,0,0,0,0.00,0,0,0,0.00,0,0,0,0.00,0,0,0,0.00,0,0,0,0.00,0,0,0,0.00,0,0,0,0.00,0,0,0,0.00,0,0,0,0.00,0,0,0,0.00,0,0,0,0.00,0,0,0,0.00,0,0,0,0.00,0,0,0,0.00,0,0,0,0.00,0,0,0,0.00,0,0,0,0.00,0,0,0,0.00,0,0,0,0.00,0,0,0,0.00,0,0,0,0.00,0,0,0,0.00,0,0,0,0.00,0,0,0.5886130065635224,0.00,839889.3246772107,147867.73771365648,0,0.00,0,0,0.09326317673911566,0.00,19726.61199402477,15915.539991608859,0,0.00,0,0,0,0.00,0,0,0.007400472028985507,2.44,885.385,803.0300000000001,0,0.00,0,0,0.04584822547214728,2.39,62144.940427141264,11840.883190211347,0,0.00,0,0,0,0.00,0,0,0,0.00,0,0,0,0,0,0,0,0,0,0,0,0,0,0
2025-12-08T06:29:15.000Z,0.2152679691961703,40.58,59848.13693476999,315622.0868847759,0.193770924244763,41.44,53124.50328663341,283946.7530248136,0.22448945417312655,40.99,60856.15238173925,313866.84154901694,0,0.00,0,0,0,0.00,0,0,0,0.00,0,0,0,0.00,0,0,0,0.00,0,0,0,0.00,0,0,0,0.00,0,0,0,0.00,0,0,0,0.00,0,0,0,0.00,0,0,0,0.00,0,0,0,0.00,0,0,0,0.00,0,0,0,0.00,0,0,0,0.00,0,0,0,0.00,0,0,0,0.00,0,0,0,0.00,0,0,0,0.00,0,0,0,0.00,0,0,0,0.00,0,0,0,0.00,0,0,0,0.00,0,0,0,0.00,0,0,0,0.00,0,0,0,0.00,0,0,0,0.00,0,0,0,0.00,0,0,0,0.00,0,0,0,0.00,0,0,0,0.00,0,0,0,0.00,0,0,0,0.00,0,0,0,0.00,0,0,0,0.00,0,0,0,0.00,0,0,0,0.00,0,0,0,0.00,0,0,0,0.00,0,0,0,0.00,0,0,0,0.00,0,0,0,0.00,0,0,0,0.00,0,0,0,0.00,0,0,0,0.00,0,0,0,0.00,0,0,0,0.00,0,0,0,0.00,0,0,0,0.00,0,0,0,0.00,0,0,0,0.00,0,0,0,0.00,0,0,0,0.00,0,0,0,0.00,0,0,0,0.00,0,0,0,0.00,0,0,0,0.00,0,0,0,0.00,0,0,0,0.00,0,0,0,0.00,0,0,0,0.00,0,0,0,0.00,0,0,0,0.00,0,0,0,0.00,0,0,0,0.00,0,0,0,0.00,0,0,0,0.00,0,0,0,0.00,0,0,0,0.00,0,0,0,0.00,0,0,0,0.00,0,0,0,0.00,0,0,0,0.00,0,0,0,0.00,0,0,0,0.00,0,0,0,0.00,0,0,0,0.00,0,0,0,0.00,0,0,0,0.00,0,0,0,0.00,0,0,0,0.00,0,0,0,0.00,0,0,0,0.00,0,0,0,0.00,0,0,0,0.00,0,0,0.5886130065635224,0.00,839889.3246772107,147867.73771365648,0,0.00,0,0,0.09326317673911566,0.00,19726.61199402477,15915.539991608859,0,0.00,0,0,0,0.00,0,0,0.007400472028985507,2.44,885.385,803.0300000000001,0,0.00,0,0,0.04584822547214728,2.39,62144.940427141264,11840.883190211347,0,0.00,0,0,0,0.00,0,0,0,0.00,0,0,0,0,0,0,0,0,0,0,0,0,0,0
2025-12-08T06:29:30.000Z,0.2152679691961703,40.58,59848.13693476999,315622.0868847759,0.193770924244763,41.44,53124.50328663341,283946.7530248136,0.22448945417312655,40.99,60856.15238173925,313866.84154901694,0,0.00,0,0,0,0.00,0,0,0,0.00,0,0,0,0.00,0,0,0,0.00,0,0,0,0.00,0,0,0,0.00,0,0,0,0.00,0,0,0,0.00,0,0,0,0.00,0,0,0,0.00,0,0,0,0.00,0,0,0,0.00,0,0,0,0.00,0,0,0,0.00,0,0,0,0.00,0,0,0,0.00,0,0,0,0.00,0,0,0,0.00,0,0,0,0.00,0,0,0,0.00,0,0,0,0.00,0,0,0,0.00,0,0,0,0.00,0,0,0,0.00,0,0,0,0.00,0,0,0,0.00,0,0,0,0.00,0,0,0,0.00,0,0,0,0.00,0,0,0,0.00,0,0,0,0.00,0,0,0,0.00,0,0,0,0.00,0,0,0,0.00,0,0,0,0.00,0,0,0,0.00,0,0,0,0.00,0,0,0,0.00,0,0,0,0.00,0,0,0,0.00,0,0,0,0.00,0,0,0,0.00,0,0,0,0.00,0,0,0,0.00,0,0,0,0.00,0,0,0,0.00,0,0,0,0.00,0,0,0,0.00,0,0,0,0.00,0,0,0,0.00,0,0,0,0.00,0,0,0,0.00,0,0,0,0.00,0,0,0,0.00,0,0,0,0.00,0,0,0,0.00,0,0,0,0.00,0,0,0,0.00,0,0,0,0.00,0,0,0,0.00,0,0,0,0.00,0,0,0,0.00,0,0,0,0.00,0,0,0,0.00,0,0,0,0.00,0,0,0,0.00,0,0,0,0.00,0,0,0,0.00,0,0,0,0.00,0,0,0,0.00,0,0,0,0.00,0,0,0,0.00,0,0,0,0.00,0,0,0,0.00,0,0,0,0.00,0,0,0,0.00,0,0,0,0.00,0,0,0,0.00,0,0,0,0.00,0,0,0,0.00,0,0,0,0.00,0,0,0,0.00,0,0,0,0.00,0,0,0,0.00,0,0,0.5886130065635224,0.00,839889.3246772107,147867.73771365648,0,0.00,0,0,0.09326317673911566,0.00,19726.61199402477,15915.539991608859,0,0.00,0,0,0,0.00,0,0,0.007400472028985507,2.44,885.385,803.0300000000001,0,0.00,0,0,0.04584822547214728,2.39,62144.940427141264,11840.883190211347,0,0.00,0,0,0,0.00,0,0,0,0.00,0,0,0,0,0,0,0,0,0,0,0,0,0,0
2025-12-08T06:29:45.000Z,0.2019255760410109,40.61,57006.57372415764,298505.6898176083,0.18075523850451228,42.01,51087.15729219385,272352.79314497125,0.2096077020310838,40.81,59002.419522622775,303498.17362190795,0,0.00,0,0,0,0.00,0,0,0,0.00,0,0,0,0.00,0,0,0,0.00,0,0,0,0.00,0,0,0,0.00,0,0,0,0.00,0,0,0,0.00,0,0,0,0.00,0,0,0,0.00,0,0,0,0.00,0,0,0,0.00,0,0,0,0.00,0,0,0,0.00,0,0,0,0.00,0,0,0,0.00,0,0,0,0.00,0,0,0,0.00,0,0,0,0.00,0,0,0,0.00,0,0,0,0.00,0,0,0,0.00,0,0,0,0.00,0,0,0,0.00,0,0,0,0.00,0,0,0,0.00,0,0,0,0.00,0,0,0,0.00,0,0,0,0.00,0,0,0,0.00,0,0,0,0.00,0,0,0,0.00,0,0,0,0.00,0,0,0,0.00,0,0,0,0.00,0,0,0,0.00,0,0,0,0.00,0,0,0,0.00,0,0,0,0.00,0,0,0,0.00,0,0,0,0.00,0,0,0,0.00,0,0,0,0.00,0,0,0,0.00,0,0,0,0.00,0,0,0,0.00,0,0,0,0.00,0,0,0,0.00,0,0,0,0.00,0,0,0,0.00,0,0,0,0.00,0,0,0,0.00,0,0,0,0.00,0,0,0,0.00,0,0,0,0.00,0,0,0,0.00,0,0,0,0.00,0,0,0,0.00,0,0,0,0.00,0,0,0,0.00,0,0,0,0.00,0,0,0,0.00,0,0,0,0.00,0,0,0,0.00,0,0,0,0.00,0,0,0,0.00,0,0,0,0.00,0,0,0,0.00,0,0,0,0.00,0,0,0,0.00,0,0,0,0.00,0,0,0,0.00,0,0,0,0.00,0,0,0,0.00,0,0,0,0.00,0,0,0,0.00,0,0,0,0.00,0,0,0,0.00,0,0,0,0.00,0,0,0,0.00,0,0,0,0.00,0,0,0,0.00,0,0,0,0.00,0,0,0,0.00,0,0,0.5597113019267765,0.00,796172.0890038284,140456.51636899277,0,0.00,0,0,0.08842853645122047,0.00,18568.88363572698,15143.537926563038,0,0.00,0,0,0,0.00,0,0,0.007400472028985507,2.44,885.385,803.0300000000001,0,0.00,0,0,0.04584822547214728,2.39,62144.940427141264,11840.883190211347,0,0.00,0,0,0,0.00,0,0,0,0.00,0,0,0,0,0,0,0,0,0,0,0,0,0,0
2025-12-08T06:30:00.000Z,0.19616769833384576,45.11,57670.21085388244,301236.55599451624,0.17955490695693824,42.13,50805.582263645105,268564.39534834755,0.20258009843387703,41.21,58687.97912962369,300140.13539510884,0,0.00,0,0,0,0.00,0,0,0,0.00,0,0,0,0.00,0,0,0,0.00,0,0,0,0.00,0,0,0,0.00,0,0,0,0.00,0,0,0,0.00,0,0,0,0.00,0,0,0,0.00,0,0,0,0.00,0,0,0,0.00,0,0,0,0.00,0,0,0,0.00,0,0,0,0.00,0,0,0,0.00,0,0,0,0.00,0,0,0,0.00,0,0,0,0.00,0,0,0,0.00,0,0,0,0.00,0,0,0,0.00,0,0,0,0.00,0,0,0,0.00,0,0,0,0.00,0,0,0,0.00,0,0,0,0.00,0,0,0,0.00,0,0,0,0.00,0,0,0,0.00,0,0,0,0.00,0,0,0,0.00,0,0,0,0.00,0,0,0,0.00,0,0,0,0.00,0,0,0,0.00,0,0,0,0.00,0,0,0,0.00,0,0,0,0.00,0,0,0,0.00,0,0,0,0.00,0,0,0,0.00,0,0,0,0.00,0,0,0,0.00,0,0,0,0.00,0,0,0,0.00,0,0,0,0.00,0,0,0,0.00,0,0,0,0.00,0,0,0,0.00,0,0,0,0.00,0,0,0,0.00,0,0,0,0.00,0,0,0,0.00,0,0,0,0.00,0,0,0,0.00,0,0,0,0.00,0,0,0,0.00,0,0,0,0.00,0,0,0,0.00,0,0,0,0.00,0,0,0,0.00,0,0,0,0.00,0,0,0,0.00,0,0,0,0.00,0,0,0,0.00,0,0,0,0.00,0,0,0,0.00,0,0,0,0.00,0,0,0,0.00,0,0,0,0.00,0,0,0,0.00,0,0,0,0.00,0,0,0,0.00,0,0,0,0.00,0,0,0,0.00,0,0,0,0.00,0,0,0,0.00,0,0,0,0.00,0,0,0,0.00,0,0,0,0.00,0,0,0,0.00,0,0,0,0.00,0,0,0,0.00,0,0,0.5323992221476186,0.00,750606.715276483,132748.20000515252,0,0.00,0,0,0.08349924676959894,0.00,17408.25706857358,14338.600671716733,0,0.00,0,0,0,0.00,0,0,0.007400472028985507,41.62,885.385,803.0300000000001,0,0.00,0,0,0.04584822547214728,317.81,62144.940427141264,11840.883190211347,0,0.00,0,0,0,0.00,0,0,0,0.00,0,0,0,0,0,0,0,0,0,0,0,0,0,0
2025-12-08T06:30:15.000Z,0.19322093612279023,41.34,57956.11160050359,301272.2000905872,0.17790126521909905,41.93,52592.83069867325,276826.16324166505,0.19900795602488078,41.38,59428.185747099735,303214.4503028169,0,0.00,0,0,0,0.00,0,0,0,0.00,0,0,0,0.00,0,0,0,0.00,0,0,0,0.00,0,0,0,0.00,0,0,0,0.00,0,0,0,0.00,0,0,0,0.00,0,0,0,0.00,0,0,0,0.00,0,0,0,0.00,0,0,0,0.00,0,0,0,0.00,0,0,0,0.00,0,0,0,0.00,0,0,0,0.00,0,0,0,0.00,0,0,0,0.00,0,0,0,0.00,0,0,0,0.00,0,0,0,0.00,0,0,0,0.00,0,0,0,0.00,0,0,0,0.00,0,0,0,0.00,0,0,0,0.00,0,0,0,0.00,0,0,0,0.00,0,0,0,0.00,0,0,0,0.00,0,0,0,0.00,0,0,0,0.00,0,0,0,0.00,0,0,0,0.00,0,0,0,0.00,0,0,0,0.00,0,0,0,0.00,0,0,0,0.00,0,0,0,0.00,0,0,0,0.00,0,0,0,0.00,0,0,0,0.00,0,0,0,0.00,0,0,0,0.00,0,0,0,0.00,0,0,0,0.00,0,0,0,0.00,0,0,0,0.00,0,0,0,0.00,0,0,0,0.00,0,0,0,0.00,0,0,0,0.00,0,0,0,0.00,0,0,0,0.00,0,0,0,0.00,0,0,0,0.00,0,0,0,0.00,0,0,0,0.00,0,0,0,0.00,0,0,0,0.00,0,0,0,0.00,0,0,0,0.00,0,0,0,0.00,0,0,0,0.00,0,0,0,0.00,0,0,0,0.00,0,0,0,0.00,0,0,0,0.00,0,0,0,0.00,0,0,0,0.00,0,0,0,0.00,0,0,0,0.00,0,0,0,0.00,0,0,0,0.00,0,0,0,0.00,0,0,0,0.00,0,0,0,0.00,0,0,0,0.00,0,0,0,0.00,0,0,0,0.00,0,0,0,0.00,0,0,0,0.00,0,0,0,0.00,0,0,0.47671678888888896,0.00,700827.4951221404,124198.87120932373,0,0.00,0,0,0.07826164722808936,0.00,16151.859427957519,13471.955290722328,0,0.00,0,0,0,0.00,0,0,0.011981444026337664,46.31,2727.0719825353362,2423.292488714571,0,0.00,0,0,0.08476242267681378,340.95,126305.11070385818,23201.79031282586,0,0.00,0,0,0,0.00,0,0,0,0.00,0,0,0,0,0,0,0,0,0,0,0,0,0,0
2025-12-08T06:30:30.000Z,0.19184660077180204,41.39,58510.2189517729,303311.24697904265,0.17623870419267806,41.75,53856.30022780755,282109.34079257905,0.1992210254467821,41.28,60244.75977370309,307625.92819767736,0,0.00,0,0,0,0.00,0,0,0,0.00,0,0,0,0.00,0,0,0,0.00,0,0,0,0.00,0,0,0,0.00,0,0,0,0.00,0,0,0,0.00,0,0,0,0.00,0,0,0,0.00,0,0,0,0.00,0,0,0,0.00,0,0,0,0.00,0,0,0,0.00,0,0,0,0.00,0,0,0,0.00,0,0,0,0.00,0,0,0,0.00,0,0,0,0.00,0,0,0,0.00,0,0,0,0.00,0,0,0,0.00,0,0,0,0.00,0,0,0,0.00,0,0,0,0.00,0,0,0,0.00,0,0,0,0.00,0,0,0,0.00,0,0,0,0.00,0,0,0,0.00,0,0,0,0.00,0,0,0,0.00,0,0,0,0.00,0,0,0,0.00,0,0,0,0.00,0,0,0,0.00,0,0,0,0.00,0,0,0,0.00,0,0,0,0.00,0,0,0,0.00,0,0,0,0.00,0,0,0,0.00,0,0,0,0.00,0,0,0,0.00,0,0,0,0.00,0,0,0,0.00,0,0,0,0.00,0,0,0,0.00,0,0,0,0.00,0,0,0,0.00,0,0,0,0.00,0,0,0,0.00,0,0,0,0.00,0,0,0,0.00,0,0,0,0.00,0,0,0,0.00,0,0,0,0.00,0,0,0,0.00,0,0,0,0.00,0,0,0,0.00,0,0,0,0.00,0,0,0,0.00,0,0,0,0.00,0,0,0,0.00,0,0,0,0.00,0,0,0,0.00,0,0,0,0.00,0,0,0,0.00,0,0,0,0.00,0,0,0,0.00,0,0,0,0.00,0,0,0,0.00,0,0,0,0.00,0,0,0,0.00,0,0,0,0.00,0,0,0,0.00,0,0,0,0.00,0,0,0,0.00,0,0,0,0.00,0,0,0,0.00,0,0,0,0.00,0,0,0,0.00,0,0,0,0.00,0,0,0,0.00,0,0,0.46729604803702884,0.00,655833.7383897391,116426.2442240513,0,0.00,0,0,0.07349633963837345,0.00,15005.680015201306,12703.173366477107,0,0.00,0,0,0,0.00,0,0,0.016460772022137637,46.31,3903.7175723506143,3482.5347976958847,0,0.00,0,0,0.1228323569720493,317.33,185503.73654640815,33847.70897203407,0,0.00,0,0,0,0.00,0,0,0,0.00,0,0,0,0,0,0,0,0,0,0,0,0,0,0
2025-12-08T06:30:45.000Z,0.18895332217124386,41.11,58951.49257744302,304072.84179431933,0.17540274762106006,41.77,54644.334350655685,285001.50856362446,0.19751013802622527,41.23,60754.65252693099,309675.83324715897,0,0.00,0,0,0,0.00,0,0,0,0.00,0,0,0,0.00,0,0,0,0.00,0,0,0,0.00,0,0,0,0.00,0,0,0,0.00,0,0,0,0.00,0,0,0,0.00,0,0,0,0.00,0,0,0,0.00,0,0,0,0.00,0,0,0,0.00,0,0,0,0.00,0,0,0,0.00,0,0,0,0.00,0,0,0,0.00,0,0,0,0.00,0,0,0,0.00,0,0,0,0.00,0,0,0,0.00,0,0,0,0.00,0,0,0,0.00,0,0,0,0.00,0,0,0,0.00,0,0,0,0.00,0,0,0,0.00,0,0,0,0.00,0,0,0,0.00,0,0,0,0.00,0,0,0,0.00,0,0,0,0.00,0,0,0,0.00,0,0,0,0.00,0,0,0,0.00,0,0,0,0.00,0,0,0,0.00,0,0,0,0.00,0,0,0,0.00,0,0,0,0.00,0,0,0,0.00,0,0,0,0.00,0,0,0,0.00,0,0,0,0.00,0,0,0,0.00,0,0,0,0.00,0,0,0,0.00,0,0,0,0.00,0,0,0,0.00,0,0,0,0.00,0,0,0,0.00,0,0,0,0.00,0,0,0,0.00,0,0,0,0.00,0,0,0,0.00,0,0,0,0.00,0,0,0,0.00,0,0,0,0.00,0,0,0,0.00,0,0,0,0.00,0,0,0,0.00,0,0,0,0.00,0,0,0,0.00,0,0,0,0.00,0,0,0,0.00,0,0,0,0.00,0,0,0,0.00,0,0,0,0.00,0,0,0,0.00,0,0,0,0.00,0,0,0,0.00,0,0,0,0.00,0,0,0,0.00,0,0,0,0.00,0,0,0,0.00,0,0,0,0.00,0,0,0,0.00,0,0,0,0.00,0,0,0,0.00,0,0,0,0.00,0,0,0,0.00,0,0,0,0.00,0,0,0,0.00,0,0,0,0.00,0,0,0.43872239825662906,0.00,608199.2490421182,108273.79878827443,0,0.00,0,0,0.06817566774250784,0.00,13735.054637382673,11803.91369328848,0,0.00,0,0,0,0.00,0,0,0.021983984705564934,44.66,5140.3045393431075,4592.7832607721375,0,0.00,0,0,0.16022409127668236,333.14,241547.0969791784,43951.669748426655,0,0.00,0,0,0,0.00,0,0,0,0.00,0,0,0,0,0,0,0,0,0,0,0,0,0,0
2025-12-08T06:31:00.000Z,0.18916934581517725,41.55,58840.32861092409,302671.1742038992,0.17772328011362412,41.58,52117.36629392739,271408.6583612481,0.194575177999959,41.21,61362.62062654091,312457.17885851266,0,0.00,0,0,0,0.00,0,0,0,0.00,0,0,0,0.00,0,0,0,0.00,0,0,0,0.00,0,0,0,0.00,0,0,0,0.00,0,0,0,0.00,0,0,0,0.00,0,0,0,0.00,0,0,0,0.00,0,0,0,0.00,0,0,0,0.00,0,0,0,0.00,0,0,0,0.00,0,0,0,0.00,0,0,0,0.00,0,0,0,0.00,0,0,0,0.00,0,0,0,0.00,0,0,0,0.00,0,0,0,0.00,0,0,0,0.00,0,0,0,0.00,0,0,0,0.00,0,0,0,0.00,0,0,0,0.00,0,0,0,0.00,0,0,0,0.00,0,0,0,0.00,0,0,0,0.00,0,0,0,0.00,0,0,0,0.00,0,0,0,0.00,0,0,0,0.00,0,0,0,0.00,0,0,0,0.00,0,0,0,0.00,0,0,0,0.00,0,0,0,0.00,0,0,0,0.00,0,0,0,0.00,0,0,0,0.00,0,0,0,0.00,0,0,0,0.00,0,0,0,0.00,0,0,0,0.00,0,0,0,0.00,0,0,0,0.00,0,0,0,0.00,0,0,0,0.00,0,0,0,0.00,0,0,0,0.00,0,0,0,0.00,0,0,0,0.00,0,0,0,0.00,0,0,0,0.00,0,0,0,0.00,0,0,0,0.00,0,0,0,0.00,0,0,0,0.00,0,0,0,0.00,0,0,0,0.00,0,0,0,0.00,0,0,0,0.00,0,0,0,0.00,0,0,0,0.00,0,0,0,0.00,0,0,0,0.00,0,0,0,0.00,0,0,0,0.00,0,0,0,0.00,0,0,0,0.00,0,0,0,0.00,0,0,0,0.00,0,0,0,0.00,0,0,0,0.00,0,0,0,0.00,0,0,0,0.00,0,0,0,0.00,0,0,0,0.00,0,0,0,0.00,0,0,0,0.00,0,0,0,0.00,0,0,0.4065682381244906,0.00,554719.6563385535,99158.28119301061,0,0.00,0,0,0.06268827525856997,0.00,12559.84827435633,10794.645833715738,0,0.00,0,0,0,0.00,0,0,0.026992135663370165,45.71,6234.032102784054,5573.588341694431,0,0.00,0,0,0.19747087569908628,334.74,297444.79549989017,54051.48845967919,0,0.00,0,0,0,0.00,0,0,0,0.00,0,0,0,0,0,0,0,0,0,0,0,0,0,0
2025-12-08T06:31:15.000Z,0.18910000381720443,41.53,59479.192367367104,305027.8068620438,0.1778961352395196,41.51,55126.68209730062,286464.47425104235,0.19140846076641055,41.21,60669.93466375651,308962.91688291373,0,0.00,0,0,0,0.00,0,0,0,0.00,0,0,0,0.00,0,0,0,0.00,0,0,0,0.00,0,0,0,0.00,0,0,0,0.00,0,0,0,0.00,0,0,0,0.00,0,0,0,0.00,0,0,0,0.00,0,0,0,0.00,0,0,0,0.00,0,0,0,0.00,0,0,0,0.00,0,0,0,0.00,0,0,0,0.00,0,0,0,0.00,0,0,0,0.00,0,0,0,0.00,0,0,0,0.00,0,0,0,0.00,0,0,0,0.00,0,0,0,0.00,0,0,0,0.00,0,0,0,0.00,0,0,0,0.00,0,0,0,0.00,0,0,0,0.00,0,0,0,0.00,0,0,0,0.00,0,0,0,0.00,0,0,0,0.00,0,0,0,0.00,0,0,0,0.00,0,0,0,0.00,0,0,0,0.00,0,0,0,0.00,0,0,0,0.00,0,0,0,0.00,0,0,0,0.00,0,0,0,0.00,0,0,0,0.00,0,0,0,0.00,0,0,0,0.00,0,0,0,0.00,0,0,0,0.00,0,0,0,0.00,0,0,0,0.00,0,0,0,0.00,0,0,0,0.00,0,0,0,0.00,0,0,0,0.00,0,0,0,0.00,0,0,0,0.00,0,0,0,0.00,0,0,0,0.00,0,0,0,0.00,0,0,0,0.00,0,0,0,0.00,0,0,0,0.00,0,0,0,0.00,0,0,0,0.00,0,0,0,0.00,0,0,0,0.00,0,0,0,0.00,0,0,0,0.00,0,0,0,0.00,0,0,0,0.00,0,0,0,0.00,0,0,0,0.00,0,0,0,0.00,0,0,0,0.00,0,0,0,0.00,0,0,0,0.00,0,0,0,0.00,0,0,0,0.00,0,0,0,0.00,0,0,0,0.00,0,0,0,0.00,0,0,0,0.00,0,0,0,0.00,0,0,0,0.00,0,0,0,0.00,0,0,0.3775881988249655,0.00,499824.9628091677,89391.05727498305,0,0.00,0,0,0.05735114108732527,0.00,11337.493625185833,9874.536400902458,0,0.00,0,0,0,0.00,0,0,0.03205890825188857,50.31,7379.925063681246,6604.587682002579,0,0.00,0,0,0.2342531974344715,374.06,354947.0842907845,64411.19084537988,0,0.00,0,0,0,0.00,0,0,0,0.00,0,0,0,0,0,0,0,0,0,0,0,0,0,0
2025-12-08T06:31:30.000Z,0.18361333195728005,42.14,59711.14367435504,304715.3037070435,0.18217181168521207,41.80,56682.548110730015,293308.2853780692,0.1917412613543897,41.46,61163.05838431257,310682.3294582956,0,0.00,0,0,0,0.00,0,0,0,0.00,0,0,0,0.00,0,0,0,0.00,0,0,0,0.00,0,0,0,0.00,0,0,0,0.00,0,0,0,0.00,0,0,0,0.00,0,0,0,0.00,0,0,0,0.00,0,0,0,0.00,0,0,0,0.00,0,0,0,0.00,0,0,0,0.00,0,0,0,0.00,0,0,0,0.00,0,0,0,0.00,0,0,0,0.00,0,0,0,0.00,0,0,0,0.00,0,0,0,0.00,0,0,0,0.00,0,0,0,0.00,0,0,0,0.00,0,0,0,0.00,0,0,0,0.00,0,0,0,0.00,0,0,0,0.00,0,0,0,0.00,0,0,0,0.00,0,0,0,0.00,0,0,0,0.00,0,0,0,0.00,0,0,0,0.00,0,0,0,0.00,0,0,0,0.00,0,0,0,0.00,0,0,0,0.00,0,0,0,0.00,0,0,0,0.00,0,0,0,0.00,0,0,0,0.00,0,0,0,0.00,0,0,0,0.00,0,0,0,0.00,0,0,0,0.00,0,0,0,0.00,0,0,0,0.00,0,0,0,0.00,0,0,0,0.00,0,0,0,0.00,0,0,0,0.00,0,0,0,0.00,0,0,0,0.00,0,0,0,0.00,0,0,0,0.00,0,0,0,0.00,0,0,0,0.00,0,0,0,0.00,0,0,0,0.00,0,0,0,0.00,0,0,0,0.00,0,0,0,0.00,0,0,0,0.00,0,0,0,0.00,0,0,0,0.00,0,0,0,0.00,0,0,0,0.00,0,0,0,0.00,0,0,0,0.00,0,0,0,0.00,0,0,0,0.00,0,0,0,0.00,0,0,0,0.00,0,0,0,0.00,0,0,0,0.00,0,0,0,0.00,0,0,0,0.00,0,0,0,0.00,0,0,0,0.00,0,0,0,0.00,0,0,0,0.00,0,0,0,0.00,0,0,0.347505204801031,0.00,452472.6421119145,81224.9063475996,0,0.00,0,0,0.05329130168980528,0.00,10155.910613751945,9058.160444017318,0,0.00,0,0,0,0.00,0,0,0.036421605023201825,47.19,8571.990288093097,7667.941110743176,0,0.00,0,0,0.27185144115244236,357.14,411652.338467512,74632.40972878816,0,0.00,0,0,0,0.00,0,0,0,0.00,0,0,0,0,0,0,0,0,0,0,0,0,0,0
2025-12-08T06:31:45.000Z,0.19040320652413179,41.65,59606.38616284434,303704.2491082402,0.18621118905841638,41.76,58072.36904940579,300056.2961345868,0.19238225743287973,41.38,62418.81304983131,317840.59197041485,0,0.00,0,0,0,0.00,0,0,0,0.00,0,0,0,0.00,0,0,0,0.00,0,0,0,0.00,0,0,0,0.00,0,0,0,0.00,0,0,0,0.00,0,0,0,0.00,0,0,0,0.00,0,0,0,0.00,0,0,0,0.00,0,0,0,0.00,0,0,0,0.00,0,0,0,0.00,0,0,0,0.00,0,0,0,0.00,0,0,0,0.00,0,0,0,0.00,0,0,0,0.00,0,0,0,0.00,0,0,0,0.00,0,0,0,0.00,0,0,0,0.00,0,0,0,0.00,0,0,0,0.00,0,0,0,0.00,0,0,0,0.00,0,0,0,0.00,0,0,0,0.00,0,0,0,0.00,0,0,0,0.00,0,0,0,0.00,0,0,0,0.00,0,0,0,0.00,0,0,0,0.00,0,0,0,0.00,0,0,0,0.00,0,0,0,0.00,0,0,0,0.00,0,0,0,0.00,0,0,0,0.00,0,0,0,0.00,0,0,0,0.00,0,0,0,0.00,0,0,0,0.00,0,0,0,0.00,0,0,0,0.00,0,0,0,0.00,0,0,0,0.00,0,0,0,0.00,0,0,0,0.00,0,0,0,0.00,0,0,0,0.00,0,0,0,0.00,0,0,0,0.00,0,0,0,0.00,0,0,0,0.00,0,0,0,0.00,0,0,0,0.00,0,0,0,0.00,0,0,0,0.00,0,0,0,0.00,0,0,0,0.00,0,0,0,0.00,0,0,0,0.00,0,0,0,0.00,0,0,0,0.00,0,0,0,0.00,0,0,0,0.00,0,0,0,0.00,0,0,0,0.00,0,0,0,0.00,0,0,0,0.00,0,0,0,0.00,0,0,0,0.00,0,0,0,0.00,0,0,0,0.00,0,0,0,0.00,0,0,0,0.00,0,0,0,0.00,0,0,0,0.00,0,0,0,0.00,0,0,0,0.00,0,0,0.3182482014119049,0.00,402633.9810189953,72624.995638794,0,0.00,0,0,0.048074906490326176,0.00,8956.325916935028,8024.251783651384,0,0.00,0,0,0,0.00,0,0,0.04083349538086905,49.66,9678.492062150237,8649.366975501716,0,0.00,0,0,0.30743827152735503,343.19,467427.2068298974,84691.62886328857,0,0.00,0,0,0,0.00,0,0,0,0.00,0,0,0,0,0,0,0,0,0,0,0,0,0,0
2025-12-08T06:32:00.000Z,0.18103796552851886,41.65,59197.19467230686,301302.2193957756,0.18505424555185018,41.76,57775.154704391796,298316.8550920805,0.1921730546493958,41.38,61577.21236174908,313944.08903567813,0,0.00,0,0,0,0.00,0,0,0,0.00,0,0,0,0.00,0,0,0,0.00,0,0,0,0.00,0,0,0,0.00,0,0,0,0.00,0,0,0,0.00,0,0,0,0.00,0,0,0,0.00,0,0,0,0.00,0,0,0,0.00,0,0,0,0.00,0,0,0,0.00,0,0,0,0.00,0,0,0,0.00,0,0,0,0.00,0,0,0,0.00,0,0,0,0.00,0,0,0,0.00,0,0,0,0.00,0,0,0,0.00,0,0,0,0.00,0,0,0,0.00,0,0,0,0.00,0,0,0,0.00,0,0,0,0.00,0,0,0,0.00,0,0,0,0.00,0,0,0,0.00,0,0,0,0.00,0,0,0,0.00,0,0,0,0.00,0,0,0,0.00,0,0,0,0.00,0,0,0,0.00,0,0,0,0.00,0,0,0,0.00,0,0,0,0.00,0,0,0,0.00,0,0,0,0.00,0,0,0,0.00,0,0,0,0.00,0,0,0,0.00,0,0,0,0.00,0,0,0,0.00,0,0,0,0.00,0,0,0,0.00,0,0,0,0.00,0,0,0,0.00,0,0,0,0.00,0,0,0,0.00,0,0,0,0.00,0,0,0,0.00,0,0,0,0.00,0,0,0,0.00,0,0,0,0.00,0,0,0,0.00,0,0,0,0.00,0,0,0,0.00,0,0,0,0.00,0,0,0,0.00,0,0,0,0.00,0,0,0,0.00,0,0,0,0.00,0,0,0,0.00,0,0,0,0.00,0,0,0,0.00,0,0,0,0.00,0,0,0,0.00,0,0,0,0.00,0,0,0,0.00,0,0,0,0.00,0,0,0,0.00,0,0,0,0.00,0,0,0,0.00,0,0,0,0.00,0,0,0,0.00,0,0,0,0.00,0,0,0,0.00,0,0,0,0.00,0,0,0,0.00,0,0,0,0.00,0,0,0,0.00,0,0,0.27946196968557696,0.00,344979.7165650665,62255.57376205025,0,0.00,0,0,0.04217971882453363,0.00,7815.248126437644,7001.924594957806,0,0.00,0,0,0,0.00,0,0,0.04584636193678587,48.20,10810.20466727677,9663.707295071252,0,0.00,0,0,0.34483719066840207,345.75,524598.7801086699,94993.16695960313,0,0.00,0,0,0,0.00,0,0,0,0.00,0,0,0,0,0,0,0,0,0,0,0,0,0,0
2025-12-08T06:32:15.000Z,0.1693662770113803,41.65,55453.92657304553,281924.29346171697,0.168182266685445,41.76,52452.177028900456,270437.7959782002,0.18183808426952125,41.38,58186.36655809154,296868.67434591847,0,0.00,0,0,0,0.00,0,0,0,0.00,0,0,0,0.00,0,0,0,0.00,0,0,0,0.00,0,0,0,0.00,0,0,0,0.00,0,0,0,0.00,0,0,0,0.00,0,0,0,0.00,0,0,0,0.00,0,0,0,0.00,0,0,0,0.00,0,0,0,0.00,0,0,0,0.00,0,0,0,0.00,0,0,0,0.00,0,0,0,0.00,0,0,0,0.00,0,0,0,0.00,0,0,0,0.00,0,0,0,0.00,0,0,0,0.00,0,0,0,0.00,0,0,0,0.00,0,0,0,0.00,0,0,0,0.00,0,0,0,0.00,0,0,0,0.00,0,0,0,0.00,0,0,0,0.00,0,0,0,0.00,0,0,0,0.00,0,0,0,0.00,0,0,0,0.00,0,0,0,0.00,0,0,0,0.00,0,0,0,0.00,0,0,0,0.00,0,0,0,0.00,0,0,0,0.00,0,0,0,0.00,0,0,0,0.00,0,0,0,0.00,0,0,0,0.00,0,0,0,0.00,0,0,0,0.00,0,0,0,0.00,0,0,0,0.00,0,0,0,0.00,0,0,0,0.00,0,0,0,0.00,0,0,0,0.00,0,0,0,0.00,0,0,0,0.00,0,0,0,0.00,0,0,0,0.00,0,0,0,0.00,0,0,0,0.00,0,0,0,0.00,0,0,0,0.00,0,0,0,0.00,0,0,0,0.00,0,0,0,0.00,0,0,0,0.00,0,0,0,0.00,0,0,0,0.00,0,0,0,0.00,0,0,0,0.00,0,0,0,0.00,0,0,0,0.00,0,0,0,0.00,0,0,0,0.00,0,0,0,0.00,0,0,0,0.00,0,0,0,0.00,0,0,0,0.00,0,0,0,0.00,0,0,0,0.00,0,0,0,0.00,0,0,0,0.00,0,0,0,0.00,0,0,0,0.00,0,0,0,0.00,0,0,0.23742988892435996,0.00,288557.4390384743,52075.19167981247,0,0.00,0,0,0.03595835618886872,0.00,6656.739653450257,5962.788541734269,0,0.00,0,0,0,0.00,0,0,0.04750027296296297,48.20,10822.193333333335,9674.424444444445,0,0.00,0,0,0.329917932962963,345.75,520194.13981481484,94195.58666666666,0,0.00,0,0,0,0.00,0,0,0,0.00,0,0,0,0,0,0,0,0,0,0,0,0,0,0
2025-12-08T06:32:30.000Z,0.15360306413896718,41.65,51536.99300893695,261755.56750792815,0.15700999504342175,41.76,49206.668060430704,253484.1203009437,0.16942178844244796,41.38,54029.48857144881,275910.250886802,0,0.00,0,0,0,0.00,0,0,0,0.00,0,0,0,0.00,0,0,0,0.00,0,0,0,0.00,0,0,0,0.00,0,0,0,0.00,0,0,0,0.00,0,0,0,0.00,0,0,0,0.00,0,0,0,0.00,0,0,0,0.00,0,0,0,0.00,0,0,0,0.00,0,0,0,0.00,0,0,0,0.00,0,0,0,0.00,0,0,0,0.00,0,0,0,0.00,0,0,0,0.00,0,0,0,0.00,0,0,0,0.00,0,0,0,0.00,0,0,0,0.00,0,0,0,0.00,0,0,0,0.00,0,0,0,0.00,0,0,0,0.00,0,0,0,0.00,0,0,0,0.00,0,0,0,0.00,0,0,0,0.00,0,0,0,0.00,0,0,0,0.00,0,0,0,0.00,0,0,0,0.00,0,0,0,0.00,0,0,0,0.00,0,0,0,0.00,0,0,0,0.00,0,0,0,0.00,0,0,0,0.00,0,0,0,0.00,0,0,0,0.00,0,0,0,0.00,0,0,0,0.00,0,0,0,0.00,0,0,0,0.00,0,0,0,0.00,0,0,0,0.00,0,0,0,0.00,0,0,0,0.00,0,0,0,0.00,0,0,0,0.00,0,0,0,0.00,0,0,0,0.00,0,0,0,0.00,0,0,0,0.00,0,0,0,0.00,0,0,0,0.00,0,0,0,0.00,0,0,0,0.00,0,0,0,0.00,0,0,0,0.00,0,0,0,0.00,0,0,0,0.00,0,0,0,0.00,0,0,0,0.00,0,0,0,0.00,0,0,0,0.00,0,0,0,0.00,0,0,0,0.00,0,0,0,0.00,0,0,0,0.00,0,0,0,0.00,0,0,0,0.00,0,0,0,0.00,0,0,0,0.00,0,0,0,0.00,0,0,0,0.00,0,0,0,0.00,0,0,0,0.00,0,0,0,0.00,0,0,0,0.00,0,0,0.1956179676104817,0.00,233874.20515495652,42205.597883994065,0,0.00,0,0,0.029392209627918733,0.00,5522.641485224422,4946.551638569563,0,0.00,0,0,0,0.00,0,0,0.04750027296296297,48.20,10822.193333333335,9674.424444444445,0,0.00,0,0,0.329917932962963,345.75,520194.13981481484,94195.58666666666,0,0.00,0,0,0,0.00,0,0,0,0.00,0,0,0,0,0,0,0,0,0,0,0,0,0,0
2025-12-08T06:32:45.000Z,0.14030425547321537,41.65,47479.043009438814,240795.03724810638,0.146334936067684,41.76,45699.859870148364,235028.64378480057,0.15449199028445715,41.38,50186.09509319184,256490.87346043394,0,0.00,0,0,0,0.00,0,0,0,0.00,0,0,0,0.00,0,0,0,0.00,0,0,0,0.00,0,0,0,0.00,0,0,0,0.00,0,0,0,0.00,0,0,0,0.00,0,0,0,0.00,0,0,0,0.00,0,0,0,0.00,0,0,0,0.00,0,0,0,0.00,0,0,0,0.00,0,0,0,0.00,0,0,0,0.00,0,0,0,0.00,0,0,0,0.00,0,0,0,0.00,0,0,0,0.00,0,0,0,0.00,0,0,0,0.00,0,0,0,0.00,0,0,0,0.00,0,0,0,0.00,0,0,0,0.00,0,0,0,0.00,0,0,0,0.00,0,0,0,0.00,0,0,0,0.00,0,0,0,0.00,0,0,0,0.00,0,0,0,0.00,0,0,0,0.00,0,0,0,0.00,0,0,0,0.00,0,0,0,0.00,0,0,0,0.00,0,0,0,0.00,0,0,0,0.00,0,0,0,0.00,0,0,0,0.00,0,0,0,0.00,0,0,0,0.00,0,0,0,0.00,0,0,0,0.00,0,0,0,0.00,0,0,0,0.00,0,0,0,0.00,0,0,0,0.00,0,0,0,0.00,0,0,0,0.00,0,0,0,0.00,0,0,0,0.00,0,0,0,0.00,0,0,0,0.00,0,0,0,0.00,0,0,0,0.00,0,0,0,0.00,0,0,0,0.00,0,0,0,0.00,0,0,0,0.00,0,0,0,0.00,0,0,0,0.00,0,0,0,0.00,0,0,0,0.00,0,0,0,0.00,0,0,0,0.00,0,0,0,0.00,0,0,0,0.00,0,0,0,0.00,0,0,0,0.00,0,0,0,0.00,0,0,0,0.00,0,0,0,0.00,0,0,0,0.00,0,0,0,0.00,0,0,0,0.00,0,0,0,0.00,0,0,0,0.00,0,0,0,0.00,0,0,0,0.00,0,0,0,0.00,0,0,0.15339833380952378,0.00,175777.52215243882,31721.221842085146,0,0.00,0,0,0.02337368738755848,0.00,4420.236948039536,3957.113075032765,0,0.00,0,0,0,0.00,0,0,0.04750027296296297,48.20,10822.193333333335,9674.424444444445,0,0.00,0,0,0.329917932962963,345.75,520194.13981481484,94195.58666666666,0,0.00,0,0,0,0.00,0,0,0,0.00,0,0,0,0,0,0,0,0,0,0,0,0,0,0
2025-12-08T06:33:00.000Z,0.1271745440181351,41.65,43972.922707918064,222762.64108837236,0.13603137123922018,41.76,42320.4361446045,217329.95789703104,0.1420870666244098,41.38,46459.859560047174,237644.13411842904,0,0.00,0,0,0,0.00,0,0,0,0.00,0,0,0,0.00,0,0,0,0.00,0,0,0,0.00,0,0,0,0.00,0,0,0,0.00,0,0,0,0.00,0,0,0,0.00,0,0,0,0.00,0,0,0,0.00,0,0,0,0.00,0,0,0,0.00,0,0,0,0.00,0,0,0,0.00,0,0,0,0.00,0,0,0,0.00,0,0,0,0.00,0,0,0,0.00,0,0,0,0.00,0,0,0,0.00,0,0,0,0.00,0,0,0,0.00,0,0,0,0.00,0,0,0,0.00,0,0,0,0.00,0,0,0,0.00,0,0,0,0.00,0,0,0,0.00,0,0,0,0.00,0,0,0,0.00,0,0,0,0.00,0,0,0,0.00,0,0,0,0.00,0,0,0,0.00,0,0,0,0.00,0,0,0,0.00,0,0,0,0.00,0,0,0,0.00,0,0,0,0.00,0,0,0,0.00,0,0,0,0.00,0,0,0,0.00,0,0,0,0.00,0,0,0,0.00,0,0,0,0.00,0,0,0,0.00,0,0,0,0.00,0,0,0,0.00,0,0,0,0.00,0,0,0,0.00,0,0,0,0.00,0,0,0,0.00,0,0,0,0.00,0,0,0,0.00,0,0,0,0.00,0,0,0,0.00,0,0,0,0.00,0,0,0,0.00,0,0,0,0.00,0,0,0,0.00,0,0,0,0.00,0,0,0,0.00,0,0,0,0.00,0,0,0,0.00,0,0,0,0.00,0,0,0,0.00,0,0,0,0.00,0,0,0,0.00,0,0,0,0.00,0,0,0,0.00,0,0,0,0.00,0,0,0,0.00,0,0,0,0.00,0,0,0,0.00,0,0,0,0.00,0,0,0,0.00,0,0,0,0.00,0,0,0,0.00,0,0,0,0.00,0,0,0,0.00,0,0,0,0.00,0,0,0,0.00,0,0,0,0.00,0,0,0.11479854669888834,0.00,119056.7369479265,21478.112640966887,0,0.00,0,0,0.01735962690988134,0.00,3406.272275602207,3052.890842416902,0,0.00,0,0,0,0.00,0,0,0.04750027296296297,48.20,10822.193333333335,9674.424444444445,0,0.00,0,0,0.329917932962963,345.75,520194.13981481484,94195.58666666666,0,0.00,0,0,0,0.00,0,0,0,0.00,0,0,0,0,0,0,0,0,0,0,0,0,0,0
2025-12-08T06:33:15.000Z,0.11257391375333797,41.65,39918.35524816654,201820.84539365908,0.12440131650512214,41.76,38750.89529466834,198537.43329230463,0.13034775473524254,41.38,42450.73997776979,217401.2763357023,0,0.00,0,0,0,0.00,0,0,0,0.00,0,0,0,0.00,0,0,0,0.00,0,0,0,0.00,0,0,0,0.00,0,0,0,0.00,0,0,0,0.00,0,0,0,0.00,0,0,0,0.00,0,0,0,0.00,0,0,0,0.00,0,0,0,0.00,0,0,0,0.00,0,0,0,0.00,0,0,0,0.00,0,0,0,0.00,0,0,0,0.00,0,0,0,0.00,0,0,0,0.00,0,0,0,0.00,0,0,0,0.00,0,0,0,0.00,0,0,0,0.00,0,0,0,0.00,0,0,0,0.00,0,0,0,0.00,0,0,0,0.00,0,0,0,0.00,0,0,0,0.00,0,0,0,0.00,0,0,0,0.00,0,0,0,0.00,0,0,0,0.00,0,0,0,0.00,0,0,0,0.00,0,0,0,0.00,0,0,0,0.00,0,0,0,0.00,0,0,0,0.00,0,0,0,0.00,0,0,0,0.00,0,0,0,0.00,0,0,0,0.00,0,0,0,0.00,0,0,0,0.00,0,0,0,0.00,0,0,0,0.00,0,0,0,0.00,0,0,0,0.00,0,0,0,0.00,0,0,0,0.00,0,0,0,0.00,0,0,0,0.00,0,0,0,0.00,0,0,0,0.00,0,0,0,0.00,0,0,0,0.00,0,0,0,0.00,0,0,0,0.00,0,0,0,0.00,0,0,0,0.00,0,0,0,0.00,0,0,0,0.00,0,0,0,0.00,0,0,0,0.00,0,0,0,0.00,0,0,0,0.00,0,0,0,0.00,0,0,0,0.00,0,0,0,0.00,0,0,0,0.00,0,0,0,0.00,0,0,0,0.00,0,0,0,0.00,0,0,0,0.00,0,0,0,0.00,0,0,0,0.00,0,0,0,0.00,0,0,0,0.00,0,0,0,0.00,0,0,0,0.00,0,0,0,0.00,0,0,0,0.00,0,0,0.0737623742582793,0.00,119056.7369479265,21478.112640966887,0,0.00,0,0,0.011027086328016847,0.00,2267.152372493608,2031.9481698290945,0,0.00,0,0,0,0.00,0,0,0.04750027296296297,48.20,10822.193333333335,9674.424444444445,0,0.00,0,0,0.329917932962963,345.75,520194.13981481484,94195.58666666666,0,0.00,0,0,0,0.00,0,0,0,0.00,0,0,0,0,0,0,0,0,0,0,0,0,0,0
2025-12-08T06:33:30.000Z,0.09680583589743562,41.65,36100.54548447297,182099.6723665083,0.11254457460873156,41.76,35526.559269241414,181725.48733853956,0.11798673056287295,41.38,38018.43113901405,195107.48070237617,0,0.00,0,0,0,0.00,0,0,0,0.00,0,0,0,0.00,0,0,0,0.00,0,0,0,0.00,0,0,0,0.00,0,0,0,0.00,0,0,0,0.00,0,0,0,0.00,0,0,0,0.00,0,0,0,0.00,0,0,0,0.00,0,0,0,0.00,0,0,0,0.00,0,0,0,0.00,0,0,0,0.00,0,0,0,0.00,0,0,0,0.00,0,0,0,0.00,0,0,0,0.00,0,0,0,0.00,0,0,0,0.00,0,0,0,0.00,0,0,0,0.00,0,0,0,0.00,0,0,0,0.00,0,0,0,0.00,0,0,0,0.00,0,0,0,0.00,0,0,0,0.00,0,0,0,0.00,0,0,0,0.00,0,0,0,0.00,0,0,0,0.00,0,0,0,0.00,0,0,0,0.00,0,0,0,0.00,0,0,0,0.00,0,0,0,0.00,0,0,0,0.00,0,0,0,0.00,0,0,0,0.00,0,0,0,0.00,0,0,0,0.00,0,0,0,0.00,0,0,0,0.00,0,0,0,0.00,0,0,0,0.00,0,0,0,0.00,0,0,0,0.00,0,0,0,0.00,0,0,0,0.00,0,0,0,0.00,0,0,0,0.00,0,0,0,0.00,0,0,0,0.00,0,0,0,0.00,0,0,0,0.00,0,0,0,0.00,0,0,0,0.00,0,0,0,0.00,0,0,0,0.00,0,0,0,0.00,0,0,0,0.00,0,0,0,0.00,0,0,0,0.00,0,0,0,0.00,0,0,0,0.00,0,0,0,0.00,0,0,0,0.00,0,0,0,0.00,0,0,0,0.00,0,0,0,0.00,0,0,0,0.00,0,0,0,0.00,0,0,0,0.00,0,0,0,0.00,0,0,0,0.00,0,0,0,0.00,0,0,0,0.00,0,0,0,0.00,0,0,0,0.00,0,0,0,0.00,0,0,0,0.00,0,0,0.0737623742582793,0.00,119056.7369479265,21478.112640966887,0,0.00,0,0,0.011027086328016847,0.00,2267.152372493608,2031.9481698290945,0,0.00,0,0,0,0.00,0,0,0.04750027296296297,48.20,10822.193333333335,9674.424444444445,0,0.00,0,0,0.329917932962963,345.75,520194.13981481484,94195.58666666666,0,0.00,0,0,0,0.00,0,0,0,0.00,0,0,0,0,0,0,0,0,0,0,0,0,0,0
2025-12-08T06:33:45.000Z,0.09369032673903964,41.65,34724.98618930904,175884.03009230466,0.11008172206584682,41.76,35323.30508762162,181341.27280966772,0.11423813552371243,41.38,36443.63109177968,188056.5067327393,0,0.00,0,0,0,0.00,0,0,0,0.00,0,0,0,0.00,0,0,0,0.00,0,0,0,0.00,0,0,0,0.00,0,0,0,0.00,0,0,0,0.00,0,0,0,0.00,0,0,0,0.00,0,0,0,0.00,0,0,0,0.00,0,0,0,0.00,0,0,0,0.00,0,0,0,0.00,0,0,0,0.00,0,0,0,0.00,0,0,0,0.00,0,0,0,0.00,0,0,0,0.00,0,0,0,0.00,0,0,0,0.00,0,0,0,0.00,0,0,0,0.00,0,0,0,0.00,0,0,0,0.00,0,0,0,0.00,0,0,0,0.00,0,0,0,0.00,0,0,0,0.00,0,0,0,0.00,0,0,0,0.00,0,0,0,0.00,0,0,0,0.00,0,0,0,0.00,0,0,0,0.00,0,0,0,0.00,0,0,0,0.00,0,0,0,0.00,0,0,0,0.00,0,0,0,0.00,0,0,0,0.00,0,0,0,0.00,0,0,0,0.00,0,0,0,0.00,0,0,0,0.00,0,0,0,0.00,0,0,0,0.00,0,0,0,0.00,0,0,0,0.00,0,0,0,0.00,0,0,0,0.00,0,0,0,0.00,0,0,0,0.00,0,0,0,0.00,0,0,0,0.00,0,0,0,0.00,0,0,0,0.00,0,0,0,0.00,0,0,0,0.00,0,0,0,0.00,0,0,0,0.00,0,0,0,0.00,0,0,0,0.00,0,0,0,0.00,0,0,0,0.00,0,0,0,0.00,0,0,0,0.00,0,0,0,0.00,0,0,0,0.00,0,0,0,0.00,0,0,0,0.00,0,0,0,0.00,0,0,0,0.00,0,0,0,0.00,0,0,0,0.00,0,0,0,0.00,0,0,0,0.00,0,0,0,0.00,0,0,0,0.00,0,0,0,0.00,0,0,0,0.00,0,0,0,0.00,0,0,0,0.00,0,0,0.0737623742582793,0.00,0,0,0,0.00,0,0,0.011027086328016847,0.00,2267.152372493608,2031.9481698290945,0,0.00,0,0,0,0.00,0,0,0.04750027296296297,48.20,10822.193333333335,9674.424444444445,0,0.00,0,0,0.329917932962963,345.75,520194.13981481484,94195.58666666666,0,0.00,0,0,0,0.00,0,0,0,0.00,0,0,0,0,0,0,0,0,0,0,0,0,0,0
2025-12-08T06:34:00.000Z,0.1020591224032205,41.65,34021.564080609816,172321.15710339794,0.11071913018345199,41.76,35655.949146744,183048.98665253134,0.11326273543276405,41.38,37712.87060731144,194606.0393217654,0,0.00,0,0,0,0.00,0,0,0,0.00,0,0,0,0.00,0,0,0,0.00,0,0,0,0.00,0,0,0,0.00,0,0,0,0.00,0,0,0,0.00,0,0,0,0.00,0,0,0,0.00,0,0,0,0.00,0,0,0,0.00,0,0,0,0.00,0,0,0,0.00,0,0,0,0.00,0,0,0,0.00,0,0,0,0.00,0,0,0,0.00,0,0,0,0.00,0,0,0,0.00,0,0,0,0.00,0,0,0,0.00,0,0,0,0.00,0,0,0,0.00,0,0,0,0.00,0,0,0,0.00,0,0,0,0.00,0,0,0,0.00,0,0,0,0.00,0,0,0,0.00,0,0,0,0.00,0,0,0,0.00,0,0,0,0.00,0,0,0,0.00,0,0,0,0.00,0,0,0,0.00,0,0,0,0.00,0,0,0,0.00,0,0,0,0.00,0,0,0,0.00,0,0,0,0.00,0,0,0,0.00,0,0,0,0.00,0,0,0,0.00,0,0,0,0.00,0,0,0,0.00,0,0,0,0.00,0,0,0,0.00,0,0,0,0.00,0,0,0,0.00,0,0,0,0.00,0,0,0,0.00,0,0,0,0.00,0,0,0,0.00,0,0,0,0.00,0,0,0,0.00,0,0,0,0.00,0,0,0,0.00,0,0,0,0.00,0,0,0,0.00,0,0,0,0.00,0,0,0,0.00,0,0,0,0.00,0,0,0,0.00,0,0,0,0.00,0,0,0,0.00,0,0,0,0.00,0,0,0,0.00,0,0,0,0.00,0,0,0,0.00,0,0,0,0.00,0,0,0,0.00,0,0,0,0.00,0,0,0,0.00,0,0,0,0.00,0,0,0,0.00,0,0,0,0.00,0,0,0,0.00,0,0,0,0.00,0,0,0,0.00,0,0,0,0.00,0,0,0,0.00,0,0,0,0.00,0,0,0,0.00,0,0,0,0.00,0,0,0,0.00,0,0,0,0.00,0,0,0,0.00,0,0,0,0.00,0,0,0.04750027296296297,48.20,10822.193333333335,9674.424444444445,0,0.00,0,0,0.329917932962963,345.75,520194.13981481484,94195.58666666666,0,0.00,0,0,0,0.00,0,0,0,0.00,0,0,0,0,0,0,0,0,0,0,0,0,0,0
2025-12-08T06:34:15.000Z,0.09985829402081432,41.65,35979.052153783494,182235.94552953143,0.11117239984366072,41.76,35330.81481481482,181379.82592592592,0.11090409518722731,41.38,38468.736297678566,198506.45914907608,0,0.00,0,0,0,0.00,0,0,0,0.00,0,0,0,0.00,0,0,0,0.00,0,0,0,0.00,0,0,0,0.00,0,0,0,0.00,0,0,0,0.00,0,0,0,0.00,0,0,0,0.00,0,0,0,0.00,0,0,0,0.00,0,0,0,0.00,0,0,0,0.00,0,0,0,0.00,0,0,0,0.00,0,0,0,0.00,0,0,0,0.00,0,0,0,0.00,0,0,0,0.00,0,0,0,0.00,0,0,0,0.00,0,0,0,0.00,0,0,0,0.00,0,0,0,0.00,0,0,0,0.00,0,0,0,0.00,0,0,0,0.00,0,0,0,0.00,0,0,0,0.00,0,0,0,0.00,0,0,0,0.00,0,0,0,0.00,0,0,0,0.00,0,0,0,0.00,0,0,0,0.00,0,0,0,0.00,0,0,0,0.00,0,0,0,0.00,0,0,0,0.00,0,0,0,0.00,0,0,0,0.00,0,0,0,0.00,0,0,0,0.00,0,0,0,0.00,0,0,0,0.00,0,0,0,0.00,0,0,0,0.00,0,0,0,0.00,0,0,0,0.00,0,0,0,0.00,0,0,0,0.00,0,0,0,0.00,0,0,0,0.00,0,0,0,0.00,0,0,0,0.00,0,0,0,0.00,0,0,0,0.00,0,0,0,0.00,0,0,0,0.00,0,0,0,0.00,0,0,0,0.00,0,0,0,0.00,0,0,0,0.00,0,0,0,0.00,0,0,0,0.00,0,0,0,0.00,0,0,0,0.00,0,0,0,0.00,0,0,0,0.00,0,0,0,0.00,0,0,0,0.00,0,0,0,0.00,0,0,0,0.00,0,0,0,0.00,0,0,0,0.00,0,0,0,0.00,0,0,0,0.00,0,0,0,0.00,0,0,0,0.00,0,0,0,0.00,0,0,0,0.00,0,0,0,0.00,0,0,0,0.00,0,0,0,0.00,0,0,0,0.00,0,0,0,0.00,0,0,0,0.00,0,0,0,0.00,0,0,0.04750027296296297,48.20,10822.193333333335,9674.424444444445,0,0.00,0,0,0.329917932962963,345.75,520194.13981481484,94195.58666666666,0,0.00,0,0,0,0.00,0,0,0,0.00,0,0,0,0,0,0,0,0,0,0,0,0,0,0
2025-12-08T06:34:30.000Z,0.09988372742912303,41.65,36169.07137651739,184028.94201349805,0.1138866051686022,41.76,34234.89867590017,175753.65852651457,0.11251092452460927,41.38,35255.488888888896,182736.81111111116,0,0.00,0,0,0,0.00,0,0,0,0.00,0,0,0,0.00,0,0,0,0.00,0,0,0,0.00,0,0,0,0.00,0,0,0,0.00,0,0,0,0.00,0,0,0,0.00,0,0,0,0.00,0,0,0,0.00,0,0,0,0.00,0,0,0,0.00,0,0,0,0.00,0,0,0,0.00,0,0,0,0.00,0,0,0,0.00,0,0,0,0.00,0,0,0,0.00,0,0,0,0.00,0,0,0,0.00,0,0,0,0.00,0,0,0,0.00,0,0,0,0.00,0,0,0,0.00,0,0,0,0.00,0,0,0,0.00,0,0,0,0.00,0,0,0,0.00,0,0,0,0.00,0,0,0,0.00,0,0,0,0.00,0,0,0,0.00,0,0,0,0.00,0,0,0,0.00,0,0,0,0.00,0,0,0,0.00,0,0,0,0.00,0,0,0,0.00,0,0,0,0.00,0,0,0,0.00,0,0,0,0.00,0,0,0,0.00,0,0,0,0.00,0,0,0,0.00,0,0,0,0.00,0,0,0,0.00,0,0,0,0.00,0,0,0,0.00,0,0,0,0.00,0,0,0,0.00,0,0,0,0.00,0,0,0,0.00,0,0,0,0.00,0,0,0,0.00,0,0,0,0.00,0,0,0,0.00,0,0,0,0.00,0,0,0,0.00,0,0,0,0.00,0,0,0,0.00,0,0,0,0.00,0,0,0,0.00,0,0,0,0.00,0,0,0,0.00,0,0,0,0.00,0,0,0,0.00,0,0,0,0.00,0,0,0,0.00,0,0,0,0.00,0,0,0,0.00,0,0,0,0.00,0,0,0,0.00,0,0,0,0.00,0,0,0,0.00,0,0,0,0.00,0,0,0,0.00,0,0,0,0.00,0,0,0,0.00,0,0,0,0.00,0,0,0,0.00,0,0,0,0.00,0,0,0,0.00,0,0,0,0.00,0,0,0,0.00,0,0,0,0.00,0,0,0,0.00,0,0,0,0.00,0,0,0,0.00,0,0,0.04750027296296297,48.20,10822.193333333335,9674.424444444445,0,0.00,0,0,0.329917932962963,345.75,520194.13981481484,94195.58666666666,0,0.00,0,0,0,0.00,0,0,0,0.00,0,0,0,0,0,0,0,0,0,0,0,0,0,0